"id","outlet_code","outlet_name","owner_name","mobile","channel","channel_type","address","city","state","created_at"
"189","OUT-0189","Sharma Kirana","Suresh Sharma","9810023411","Grocery Store","Grocery Store","Sector 14, Main Market","Gurugram","Haryana","2026-05-15 06:13:23"
"190","OUT-0190","Om Kirana Store","Ramesh Gupta","9870922796","Grocery Store","Grocery Store","Jattari Main Market","Aligarh","Uttar Pradesh","2026-05-15 06:13:23"
"192","OUT-0192","Goyal Medical Store","Manoj Goyal","9876123450","Pharmacy Store","Pharmacy Store","Main Market, Jattari","Aligarh","Uttar Pradesh","2026-05-15 06:13:23"
"197","OUT-0197","Aastha Pharmacy","Sunita Verma","9876123451","Pharmacy Store","Pharmacy Store","Civil Lines","Lucknow","Uttar Pradesh","2026-05-15 06:13:23"
"218","OUT-0218","Krishna Provision Store","Vikas Yadav","9810023422","Grocery Store","Grocery Store","Lajpat Nagar Block C","New Delhi","Delhi","2026-05-15 06:13:23"
"327","OUT-0327","City Care Pharmacy","Rohit Mehta","9876123452","Pharmacy Store","Pharmacy Store","Andheri West, Linking Road","Mumbai","Maharashtra","2026-05-15 06:13:23"
"504","OUT-0504","Balaji Super Market","Anil Kapoor","9810023433","Grocery Store","Grocery Store","Koramangala 5th Block","Bengaluru","Karnataka","2026-05-15 06:13:23"
"512","OUT-0512","Apex Health Plus","Neha Bansal","9876123453","Pharmacy Store","Pharmacy Store","Salt Lake Sector V","Kolkata","West Bengal","2026-05-15 06:13:23"
"517","OUT-0517","Raj Clinic","Dr. Rajesh Iyer","9810023444","HCP","HCP","T. Nagar, Ranganathan Street","Chennai","Tamil Nadu","2026-05-15 06:13:23"
